[
    {
        "risk_type":"Unsafe_Execution",
        "severity":"Critical",
        "confidence":"High",
        "line_num":24.0,
        "code_snippet":"return eval(expr) # Critical: Unsafe use of eval",
        "description":"Direct call to unsafe function 'eval'. This can lead to arbitrary code execution if user-controlled input is passed.",
        "remediation":"Avoid using eval\/exec with untrusted input. Consider ast.literal_eval for literals, or strict allowlists\/sandboxing if dynamic execution is unavoidable.",
        "package":null,
        "version":null,
        "line_in_requirements_txt":null,
        "severity_score":4,
        "confidence_score":1.0,
        "risk_score":4.0
    },
    {
        "risk_type":"Secrets_Hardcoded",
        "severity":"Critical",
        "confidence":"High",
        "line_num":8.0,
        "code_snippet":"API_KEY = \"sk_prod_12345\" # Critical: Hardcoded API key",
        "description":"Hard-coded secret detected in variable 'API_KEY'.",
        "remediation":"Store secrets in env vars or a secrets manager (AWS Secrets Manager\/Vault). Avoid committing secrets to VCS.",
        "package":null,
        "version":null,
        "line_in_requirements_txt":null,
        "severity_score":4,
        "confidence_score":1.0,
        "risk_score":4.0
    },
    {
        "risk_type":"Insecure_Deserialization",
        "severity":"Critical",
        "confidence":"High",
        "line_num":39.0,
        "code_snippet":"obj = pickle.loads(data) # Critical: Insecure use of pickle.loads",
        "description":"Insecure deserialization using pickle.loads(). Untrusted pickle can lead to RCE.",
        "remediation":"Avoid pickle for untrusted data. Prefer JSON\/Protobuf with schema validation. Add integrity\/authn checks.",
        "package":null,
        "version":null,
        "line_in_requirements_txt":null,
        "severity_score":4,
        "confidence_score":1.0,
        "risk_score":4.0
    },
    {
        "risk_type":"Secrets_Hardcoded",
        "severity":"Critical",
        "confidence":"High",
        "line_num":10.0,
        "code_snippet":"SECRET_PHRASE = \"this_is_a_secret\" # Critical: Another hardcoded secret",
        "description":"Hard-coded secret detected in variable 'SECRET_PHRASE'.",
        "remediation":"Store secrets in env vars or a secrets manager (AWS Secrets Manager\/Vault). Avoid committing secrets to VCS.",
        "package":null,
        "version":null,
        "line_in_requirements_txt":null,
        "severity_score":4,
        "confidence_score":1.0,
        "risk_score":4.0
    },
    {
        "risk_type":"Dependency_Hallucination",
        "severity":"Critical",
        "confidence":"High",
        "line_num":null,
        "code_snippet":null,
        "description":"Unknown or unapproved package 'unknown-package-malware' detected.",
        "remediation":"Investigate package legitimacy; remove if unneeded or add to allowlist with approved versions.",
        "package":"unknown-package-malware",
        "version":"1.0.0",
        "line_in_requirements_txt":"unknown-package-malware==1.0.0 # This should be flagged",
        "severity_score":4,
        "confidence_score":1.0,
        "risk_score":4.0
    },
    {
        "risk_type":"SQL_Injection",
        "severity":"Critical",
        "confidence":"Medium",
        "line_num":31.0,
        "code_snippet":"cursor.execute(query) # Critical: Unsafe string concatenation in SQL query",
        "description":"Potential SQL Injection due to string formatting used in\/prior to query execution. Use parameterized queries.",
        "remediation":"Use parameterized queries (e.g., cursor.execute('... WHERE x=?', (value,))). Avoid f-strings\/concat for SQL.",
        "package":null,
        "version":null,
        "line_in_requirements_txt":null,
        "severity_score":4,
        "confidence_score":0.75,
        "risk_score":3.0
    },
    {
        "risk_type":"Command_Injection",
        "severity":"High",
        "confidence":"Medium",
        "line_num":20.0,
        "code_snippet":"subprocess.run(f\"echo {command}\", shell=True) # High: Use of shell=True with user input",
        "description":"Potential Command Injection: subprocess uses shell=True with formatted input.",
        "remediation":"Avoid shell=True; pass args as a list. If unavoidable, strictly validate\/allowlist inputs.",
        "package":null,
        "version":null,
        "line_in_requirements_txt":null,
        "severity_score":3,
        "confidence_score":0.75,
        "risk_score":2.25
    }
]