{
    "sdlc_control_recommendations.md": {
        "hash_sha256": "f8dffb6c66f4dd5577e000a8d9a2c4c0a3cc3b467473099fe983f0bc17694df1",
        "size_bytes": 691
    },
    "requirements.txt": {
        "hash_sha256": "de6ed4d7366ad46cb2df13d4632dd6fcec0984fb39b8d9c7720ed02e8c22dbfc",
        "size_bytes": 106
    },
    "session12_executive_summary.md": {
        "hash_sha256": "28a11352ca091d5709e96d4b2f4a8e083cfd8d91f360ffa99134f5f88164b7a5",
        "size_bytes": 1601
    },
    "config_snapshot.json": {
        "hash_sha256": "d936fb808726e8766d6f54aa7051e48addd8fc65b6e66608e28094842f9a4ad5",
        "size_bytes": 469
    },
    "code_findings.json": {
        "hash_sha256": "4e51607018c2157a0a02f9f21a925fa4fd388f76a64b543d83abe6bf1239debc",
        "size_bytes": 4567
    },
    "dependency_allowlist.json": {
        "hash_sha256": "9f26b8adba662b0d37e566dac8feb8ef702ea6f6c73e6c8a1f4330b57357fe4d",
        "size_bytes": 196
    },
    "dependency_findings.json": {
        "hash_sha256": "5499e1668655588d27e10b00d47904521e53d76d3a6d48200a089078fe162efb",
        "size_bytes": 499
    },
    "sample_insecure_code.py": {
        "hash_sha256": "5d09722a8d7a47f46ed538adfd4572dcb395b6184650bb3741c440c41be18c8a",
        "size_bytes": 1805
    },
    "risk_scorecard.json": {
        "hash_sha256": "48b1daf43e0b0ba499698960a25d73eb3ae4ca999e755b758f10f2fe77cf08ab",
        "size_bytes": 459
    }
}