{
    "run_id": "20260123142848_abc0285d",
    "timestamp": "2026-01-23T14:38:44.522057",
    "git_commit": "N/A",
    "ai_generation_method": "Copilot",
    "human_review_level": "Partial",
    "code_filepaths": [
        "reports/session12/20260123142848_abc0285d/pasted_code.py"
    ],
    "requirements_filepath": "reports/session12/20260123142848_abc0285d/requirements.txt",
    "allowlist_filepath": "reports/session12/20260123142848_abc0285d/dependency_allowlist.json",
    "code_files_sha256": {
        "pasted_code.py": "83e9999f1d11889a518db65253afb8f73303ff2ea7357f9f41c3a9dfe6e572e2"
    },
    "requirements_sha256": "c68ca6783aaa7d2a41f71ec4ce7be7969214babb384e6686a20aaa3c7ded6d5c",
    "allowlist_sha256": "9f26b8adba662b0d37e566dac8feb8ef702ea6f6c73e6c8a1f4330b57357fe4d",
    "extra": {
        "num_code_files": 1,
        "uploaded_zip": null,
        "uploaded_py_files": null,
        "requirements_hash_sha256_from_textarea": "c68ca6783aaa7d2a41f71ec4ce7be7969214babb384e6686a20aaa3c7ded6d5c",
        "allowlist_hash_sha256_from_textarea": "9f26b8adba662b0d37e566dac8feb8ef702ea6f6c73e6c8a1f4330b57357fe4d"
    }
}