{
    "sdlc_control_recommendations.md": {
        "hash_sha256": "f8dffb6c66f4dd5577e000a8d9a2c4c0a3cc3b467473099fe983f0bc17694df1",
        "size_bytes": 691
    },
    "requirements.txt": {
        "hash_sha256": "c68ca6783aaa7d2a41f71ec4ce7be7969214babb384e6686a20aaa3c7ded6d5c",
        "size_bytes": 104
    },
    "session12_executive_summary.md": {
        "hash_sha256": "129743cfcf12b21b37bcc1e9eed762c6e9f0c6c0c93ad7d04895a3f1325f994e",
        "size_bytes": 1580
    },
    "config_snapshot.json": {
        "hash_sha256": "4c3b80673003be83aea5fe5ee36b4b70bb0152ccd65b594bd6cb631cd55d1ef5",
        "size_bytes": 1139
    },
    "code_findings.json": {
        "hash_sha256": "8bbfe0f61355eb6de5dc3c903754f74f74e8856856040113cb70cca44fe68d2b",
        "size_bytes": 5090
    },
    "dependency_allowlist.json": {
        "hash_sha256": "9f26b8adba662b0d37e566dac8feb8ef702ea6f6c73e6c8a1f4330b57357fe4d",
        "size_bytes": 196
    },
    "dependency_findings.json": {
        "hash_sha256": "5499e1668655588d27e10b00d47904521e53d76d3a6d48200a089078fe162efb",
        "size_bytes": 499
    },
    "evidence_manifest.json": {
        "hash_sha256": "281ccbf4ed03f9f65ea0e5561b9084fef9039f2befd3ea35d202b49220c795af",
        "size_bytes": 3696
    },
    "pasted_code.py": {
        "hash_sha256": "83e9999f1d11889a518db65253afb8f73303ff2ea7357f9f41c3a9dfe6e572e2",
        "size_bytes": 1803
    },
    "risk_scorecard.json": {
        "hash_sha256": "48b1daf43e0b0ba499698960a25d73eb3ae4ca999e755b758f10f2fe77cf08ab",
        "size_bytes": 459
    },
    "extracted_zip/20260123140525_a7868788/sdlc_control_recommendations.md": {
        "hash_sha256": "f8dffb6c66f4dd5577e000a8d9a2c4c0a3cc3b467473099fe983f0bc17694df1",
        "size_bytes": 691
    },
    "extracted_zip/20260123140525_a7868788/requirements.txt": {
        "hash_sha256": "de6ed4d7366ad46cb2df13d4632dd6fcec0984fb39b8d9c7720ed02e8c22dbfc",
        "size_bytes": 106
    },
    "extracted_zip/20260123140525_a7868788/session12_executive_summary.md": {
        "hash_sha256": "28a11352ca091d5709e96d4b2f4a8e083cfd8d91f360ffa99134f5f88164b7a5",
        "size_bytes": 1601
    },
    "extracted_zip/20260123140525_a7868788/config_snapshot.json": {
        "hash_sha256": "d936fb808726e8766d6f54aa7051e48addd8fc65b6e66608e28094842f9a4ad5",
        "size_bytes": 469
    },
    "extracted_zip/20260123140525_a7868788/code_findings.json": {
        "hash_sha256": "4e51607018c2157a0a02f9f21a925fa4fd388f76a64b543d83abe6bf1239debc",
        "size_bytes": 4567
    },
    "extracted_zip/20260123140525_a7868788/dependency_allowlist.json": {
        "hash_sha256": "9f26b8adba662b0d37e566dac8feb8ef702ea6f6c73e6c8a1f4330b57357fe4d",
        "size_bytes": 196
    },
    "extracted_zip/20260123140525_a7868788/dependency_findings.json": {
        "hash_sha256": "5499e1668655588d27e10b00d47904521e53d76d3a6d48200a089078fe162efb",
        "size_bytes": 499
    },
    "extracted_zip/20260123140525_a7868788/sample_insecure_code.py": {
        "hash_sha256": "5d09722a8d7a47f46ed538adfd4572dcb395b6184650bb3741c440c41be18c8a",
        "size_bytes": 1805
    },
    "extracted_zip/20260123140525_a7868788/evidence_manifest.json": {
        "hash_sha256": "77ef9962282fe29169f8db29bcb4860b0fbeca939e53bed87286ad115a19b1b9",
        "size_bytes": 1417
    },
    "extracted_zip/20260123140525_a7868788/risk_scorecard.json": {
        "hash_sha256": "48b1daf43e0b0ba499698960a25d73eb3ae4ca999e755b758f10f2fe77cf08ab",
        "size_bytes": 459
    },
    "uploads/source.py": {
        "hash_sha256": "305273796e670717e19a6eaa327487e6d1d5da930d2e6a3ac3ec9f2003610854",
        "size_bytes": 26399
    },
    "uploads/Session_20260123140525_a7868788.zip": {
        "hash_sha256": "141711b74c6396777e38fe07e0ffb63a0155fac6a8d208c3e177651cd62d1ad5",
        "size_bytes": 6464
    },
    "uploads/app.py": {
        "hash_sha256": "d5e50d56bf7eaa34ab5fe03f96f669151c860c29a322a219e68c0f074955ab31",
        "size_bytes": 23234
    },
    "uploads/test_app.py": {
        "hash_sha256": "45b0d3c306de8d5bbd1d9c0b5b91d3767f5426f290a81fcb26f5f357014195cd",
        "size_bytes": 17205
    }
}